bcode,AVG_Rooms_per_Hotel,boro
36061,239.9472362,Manhattan
36085,70.72727273,Staten Island
36005,38.85714286,Bronx
36081,130.4680851,Queens
36047,106.3035714,Brooklyn